"Subgroup","Category","N_DP","Events_DP","N_BP","Events_BP","HR","CI_lower","CI_upper","P_value","P_interaction"
"Overall","All Patients",1837,75,1837,59,0.779108287984701,0.55199993652411,1.09965542428996,0.155707168984384,NA
"Age","<65 years",983,41,916,30,0.775133193119509,0.481144055760078,1.24875587650458,0.295136475370078,0.969574092369483
"Age","≥65 years",854,34,921,29,0.785268853236536,0.480066345460858,1.28450406426939,0.33566345884783,0.969574092369483
"Sex","Male",1347,54,1320,47,0.881398674689689,0.592341981893226,1.3115120107843,0.533549505410776,0.214992787892277
"Sex","Female",490,21,517,12,0.532378005632792,0.266827506257997,1.06220810911265,0.0736591136541953,0.214992787892277
"Diabetes","No Diabetes",1226,49,1231,40,0.806512113954137,0.531087818635341,1.22477256515913,0.313075807019435,0.781898358430237
"Diabetes","Diabetes",611,26,606,19,0.727605913406604,0.401332567655372,1.31913133368949,0.294845827813838,0.781898358430237
"Clinical Presentation","Stable CAD",864,15,911,10,0.629396355147807,0.282012864207884,1.40468688542283,0.258330275529757,0.513927659586146
"Clinical Presentation","ACS",973,60,926,49,0.846491679002631,0.578436985173941,1.23876615947236,0.390984838824115,0.513927659586146
