"Subgroup","Category","N_DP","Events_DP","N_BP","Events_BP","HR","CI_lower","CI_upper","P_value","P_interaction"
"Overall","All Patients",1837,255,1837,235,0.908830794678851,0.759937853406093,1.08689600031703,0.295012523510875,NA
"Age","<65 years",983,113,916,88,0.821443446154248,0.619978853700252,1.0883747585946,0.170662362020392,0.441928147548078
"Age","≥65 years",854,142,921,147,0.94790184072121,0.751375849383364,1.1958301566121,0.651744593345275,0.441928147548078
"Sex","Male",1347,185,1320,170,0.927351742217442,0.752817764501854,1.14234984128301,0.478349281745189,0.704893830195481
"Sex","Female",490,70,517,65,0.860811350827533,0.61862014274226,1.19782097367342,0.373925203375768,0.704893830195481
"Diabetes","No Diabetes",1226,163,1231,141,0.848790344941554,0.676186021289762,1.06545392389482,0.157545249601291,0.313274788797452
"Diabetes","Diabetes",611,92,606,94,1.01967492257021,0.768754684556736,1.35249510488262,0.892459012359243,0.313274788797452
"Clinical Presentation","Stable CAD",864,89,911,80,0.840287717513232,0.618971539915584,1.14073653257126,0.264547314610621,0.466708097648207
"Clinical Presentation","ACS",973,166,926,155,0.968256532209983,0.777328937419468,1.20607977786036,0.77344955039558,0.466708097648207
